{
  "val": {
    "log_loss": 0.6562992489834938,
    "auc": 0.6471096889701541,
    "brier": 0.23211674022752507,
    "n": 1028,
    "baseline_logloss": 0.6899624480715738
  },
  "test_raw": {
    "log_loss": 0.6494068784809244,
    "auc": 0.6593139603061158,
    "brier": 0.22884401906172738,
    "n": 1028,
    "baseline_logloss": 0.6869856713534048
  },
  "test_calibrated": {
    "log_loss": 0.6548700470571638,
    "auc": 0.6556752903846376,
    "brier": 0.23040439477665198,
    "n": 1028,
    "baseline_logloss": 0.6869856713534048
  },
  "best_iteration": 54,
  "num_features": 90
}