{
  "val": {
    "log_loss": 0.605415299615492,
    "auc": 0.7295735498500475,
    "brier": 0.20896924326162442,
    "n": 469,
    "baseline_logloss": 0.6903600056079884
  },
  "test_raw": {
    "log_loss": 0.6092734947190614,
    "auc": 0.7171542996996328,
    "brier": 0.21098238922262394,
    "n": 469,
    "baseline_logloss": 0.6835122211799467
  },
  "test_calibrated": {
    "log_loss": 0.8950492431531724,
    "auc": 0.7123335929098528,
    "brier": 0.21338143834278683,
    "n": 469,
    "baseline_logloss": 0.6835122211799467
  },
  "best_iteration": 66,
  "num_features": 62
}