{
  "task": "t1_rounds",
  "n_train": 4968,
  "n_val": 1064,
  "n_test": 1064,
  "mae": 2.7505881831647945,
  "rmse": 3.528720872447348,
  "baseline_mae": 2.858733488310147,
  "baseline_rmse": 3.6124519982176952,
  "y_mean_train": 11.155394524959743,
  "y_std_train": 3.7390746944279667,
  "best_iter": 71,
  "n_features": 101
}